Cooler,MRP
NZXT Kraken Elite 360 RGB with LCD,₹30499
NZXT Kraken Elite 360 RGB with LCD,₹30499
NZXT Kraken Elite 360 RGB with LCD,₹30499
NZXT Kraken Elite 360 RGB with LCD,₹30499
NZXT Kraken Elite 360 RGB with LCD,₹30499
NZXT Kraken Elite 360 RGB with LCD,₹30499
NZXT Kraken Elite 360 RGB with LCD,₹30499
Lian Li Galahad II LCD ARGB 280mm,₹19075
Lian Li Galahad II LCD ARGB 280mm,₹19075
Lian Li Galahad II LCD ARGB 280mm,₹19075
Lian Li Galahad II LCD ARGB 280mm,₹19075
Lian Li Galahad II LCD ARGB 280mm,₹19075
Lian Li Galahad II LCD ARGB 280mm,₹19075
Lian Li Galahad II LCD ARGB 280mm,₹19075
Lian Li Galahad II LCD ARGB 280mm,₹19075
Lian Li Galahad II LCD ARGB 280mm,₹19075
Lian Li Galahad II LCD ARGB 280mm,₹19075
Lian Li Galahad II LCD ARGB 280mm,₹19075
Corsair iCUE Link Titan 360 RX LCD AIO,₹18650
Corsair iCUE Link Titan 360 RX LCD AIO,₹18650
Corsair iCUE Link Titan 360 RX LCD AIO,₹18650
Corsair iCUE Link Titan 360 RX LCD AIO,₹18650
Corsair iCUE Link Titan 360 RX LCD AIO,₹18650
Corsair iCUE Link Titan 360 RX LCD AIO,₹18650
Corsair iCUE Link Titan 360 RX LCD AIO,₹18650
Corsair iCUE Link Titan 360 RX LCD AIO,₹18650
Corsair iCUE Link Titan 360 RX LCD AIO,₹18650
Corsair iCUE H170i Elite LCD XT,₹18645
Corsair iCUE H170i Elite LCD XT,₹18645
Corsair iCUE H170i Elite LCD XT,₹18645
Corsair iCUE H170i Elite LCD XT,₹18645
Corsair iCUE H170i Elite LCD XT,₹18645
Corsair iCUE H170i Elite LCD XT,₹18645
Corsair iCUE H170i Elite LCD XT,₹18645
Corsair iCUE H170i Elite LCD XT,₹18645
Thermaltake TH360 V2 Ultra EX ARGB Sync,₹16744
Thermaltake TH360 V2 Ultra EX ARGB Sync,₹16744
Thermaltake TH360 V2 Ultra EX ARGB Sync,₹16744
Thermaltake TH360 V2 Ultra EX ARGB Sync,₹16744
Thermaltake TH360 V2 Ultra EX ARGB Sync,₹16744
Arctic Liquid Freezer III 420mm ARGB,₹16499
Arctic Liquid Freezer III 420mm ARGB,₹16499
Arctic Liquid Freezer III 420mm ARGB,₹16499
Arctic Liquid Freezer III 420mm ARGB,₹16499
Arctic Liquid Freezer III 420mm ARGB,₹16499
Arctic Liquid Freezer III 420mm ARGB,₹16499
Cooler Master MasterLiquid PL360 Flux ARGB,₹14445
Cooler Master MasterLiquid PL360 Flux ARGB,₹14445
Cooler Master MasterLiquid PL360 Flux ARGB,₹14445
Cooler Master MasterLiquid PL360 Flux ARGB,₹14445
Cooler Master MasterLiquid PL360 Flux ARGB,₹14445
Cooler Master MasterLiquid PL360 Flux ARGB,₹14445
Cooler Master MasterLiquid PL360 Flux ARGB,₹14445
Cooler Master MasterLiquid PL360 Flux ARGB,₹14445
Cooler Master MasterLiquid PL360 Flux ARGB,₹14445
Cooler Master MasterLiquid PL360 Flux ARGB,₹14445
Cooler Master MasterLiquid PL360 Flux ARGB,₹14445
Cooler Master MasterLiquid PL360 Flux ARGB,₹14445
Cooler Master MasterLiquid PL360 Flux ARGB,₹14445
Cooler Master MasterLiquid PL360 Flux ARGB,₹14445
Cooler Master MasterLiquid PL360 Flux ARGB,₹14445
Cooler Master MasterLiquid PL360 Flux ARGB,₹14445
Cooler Master MasterLiquid PL360 Flux ARGB,₹14445
Noctua NH-D15 G2,₹12827
Noctua NH-D15 G2,₹12827
Noctua NH-D15 G2,₹12827
Noctua NH-D15 G2,₹12827
Noctua NH-D15 G2,₹12827
Noctua NH-D15 G2,₹12827
DeepCool LT360 ARGB 360mm,₹12002
DeepCool LT360 ARGB 360mm,₹12002
DeepCool LT360 ARGB 360mm Liquid Cooler,₹12002
DeepCool LT360 ARGB 360mm Liquid Cooler,₹12002
DeepCool LT360 ARGB 360mm,₹12002
DeepCool LT360 ARGB 360mm Liquid Cooler,₹12002
DeepCool LT360 ARGB 360mm,₹12002
DeepCool LT360 ARGB 360mm Liquid Cooler,₹12002
DeepCool LT360 ARGB 360mm Liquid Cooler,₹12002
DeepCool LT360 ARGB 360mm,₹12002
DeepCool LT360 ARGB 360mm Liquid Cooler,₹12002
DeepCool LT360 ARGB 360mm,₹12002
DeepCool LT360 ARGB 360mm,₹12002
DeepCool LT360 ARGB 360mm Liquid Cooler,₹12002
DeepCool LT360 ARGB 360mm Liquid Cooler,₹12002
DeepCool LT360 ARGB 360mm,₹12002
DeepCool LT360 ARGB 360mm Liquid Cooler,₹12002
DeepCool LT360 ARGB 360mm Liquid Cooler,₹12002
DeepCool LT360 ARGB 360mm,₹12002
DeepCool LT360 ARGB 360mm Liquid Cooler,₹12002
DeepCool LT360 ARGB 360mm Liquid Cooler,₹12002
DeepCool LT360 ARGB 360mm,₹12002
DeepCool LT360 ARGB 360mm,₹12002
DeepCool LT360 ARGB 360mm,₹12002
DeepCool LT360 ARGB 360mm Liquid Cooler,₹12002
DeepCool LT360 ARGB 360mm Liquid Cooler,₹12002
DeepCool LT360 ARGB 360mm Liquid Cooler,₹12002
DeepCool LT360 ARGB 360mm,₹12002
DeepCool LT360 ARGB 360mm Liquid Cooler,₹12002
DeepCool LT360 ARGB 360mm,₹12002
DeepCool LT360 ARGB 360mm Liquid Cooler,₹12002
DeepCool LT360 ARGB 360mm,₹12002
DeepCool Mystique 240 Liquid Cooler,₹11649
DeepCool Mystique 240 Liquid Cooler,₹11649
DeepCool Mystique 240 Liquid Cooler,₹11649
DeepCool Mystique 240 Liquid Cooler,₹11649
DeepCool Mystique 240 Liquid Cooler,₹11649
DeepCool Mystique 240 Liquid Cooler,₹11649
DeepCool Mystique 240 Liquid Cooler,₹11649
DeepCool Mystique 240 Liquid Cooler,₹11649
DeepCool Mystique 240 Liquid Cooler,₹11649
DeepCool Mystique 240 Liquid Cooler,₹11649
DeepCool Mystique 240 Liquid Cooler,₹11649
DeepCool Mystique 240 Liquid Cooler,₹11649
DeepCool Mystique 240 Liquid Cooler,₹11649
DeepCool Mystique 240 Liquid Cooler,₹11649
DeepCool Mystique 240 Liquid Cooler,₹11649
DeepCool Mystique 240 Liquid Cooler,₹11649
Cooler Master ML360 illusion ARGB,₹11495
Cooler Master ML360 illusion ARGB,₹11495
Cooler Master ML360 illusion ARGB,₹11495
Cooler Master ML360 illusion ARGB,₹11495
Cooler Master ML360 illusion ARGB,₹11495
Cooler Master ML360 illusion ARGB,₹11495
Cooler Master ML360 illusion ARGB,₹11495
Cooler Master ML360 illusion ARGB,₹11495
Cooler Master ML360 illusion ARGB,₹11495
Noctua NH-D9 TR5-SP6 4U Dual Tower,₹10725
Noctua NH-D9 TR5-SP6 4U Dual Tower,₹10725
Noctua NH-D9 TR5-SP6 4U Dual Tower,₹10725
Noctua NH-D9 TR5-SP6 4U Dual Tower,₹10725
Noctua NH-D9 TR5-SP6 4U Dual Tower,₹10725
Noctua NH-D9 TR5-SP6 4U Dual Tower,₹10725
Noctua NH-D9 TR5-SP6 4U Dual Tower,₹10725
Noctua NH-D9 TR5-SP6 4U Dual Tower,₹10725
Noctua NH-D9 TR5-SP6 4U Dual Tower,₹10725
Noctua NH-D9 TR5-SP6 4U Dual Tower,₹10725
Noctua NH-D9 TR5-SP6 4U Dual Tower,₹10725
Noctua NH-D9 TR5-SP6 4U Dual Tower,₹10725
Lian Li Galahad 360 ARGB,₹10499
Lian Li Galahad 360 ARGB,₹10499
Lian Li Galahad 360 ARGB,₹10499
Lian Li Galahad 360 ARGB,₹10499
Lian Li Galahad 360 ARGB,₹10499
Lian Li Galahad 360 ARGB,₹10499
Lian Li Galahad 360 ARGB,₹10499
Lian Li Galahad 360 ARGB,₹10499
Lian Li Galahad 360 ARGB,₹10499
Lian Li Galahad 360 ARGB,₹10499
EKWB EK-AIO 240 D-RGB,₹10000
EKWB EK-AIO 240 D-RGB,₹10000
EKWB EK-AIO 240 D-RGB,₹10000
EKWB EK-AIO 240 D-RGB,₹10000
EKWB EK-AIO 240 D-RGB,₹10000
EKWB EK-AIO 240 D-RGB,₹10000
EKWB EK-AIO 240 D-RGB,₹10000
EKWB EK-AIO 240 D-RGB,₹10000
DeepCool LD240 ARGB 240mm,₹9730
DeepCool LD240 ARGB 240mm,₹9730
DeepCool LD240 ARGB 240mm,₹9730
DeepCool LD240 ARGB 240mm,₹9730
DeepCool LD240 ARGB 240mm,₹9730
DeepCool LD240 ARGB 240mm,₹9730
DeepCool LD240 ARGB 240mm,₹9730
DeepCool LD240 ARGB 240mm,₹9730
Arctic Liquid Freezer III 240mm ARGB,₹9699
Arctic Liquid Freezer III 240mm ARGB,₹9699
Arctic Liquid Freezer III 240mm ARGB,₹9699
Arctic Liquid Freezer III 240mm ARGB,₹9699
Arctic Liquid Freezer III 240mm ARGB,₹9699
Arctic Liquid Freezer III 240mm ARGB,₹9699
Arctic Liquid Freezer III 240mm ARGB,₹9699
Arctic Liquid Freezer III 240mm ARGB,₹9699
Arctic Liquid Freezer III 240mm ARGB,₹9699
Arctic Liquid Freezer III 240mm ARGB,₹9699
Arctic Liquid Freezer III 240mm ARGB,₹9699
Arctic Liquid Freezer III 240mm ARGB,₹9699
Arctic Liquid Freezer III 240mm ARGB,₹9699
Cooler Master ML360L ARGB V2 360mm,₹9655
Cooler Master ML360L ARGB V2 360mm,₹9655
Cooler Master ML360L ARGB V2 360mm,₹9655
Cooler Master ML360L ARGB V2 360mm,₹9655
Cooler Master ML360L ARGB V2 360mm,₹9655
Cooler Master ML360L ARGB V2 360mm,₹9655
Cooler Master ML360L ARGB V2 360mm,₹9655
DeepCool Castle 360EX ARGB,₹9625
DeepCool Castle 360EX ARGB,₹9625
DeepCool Castle 360EX ARGB,₹9625
DeepCool Castle 360EX ARGB,₹9625
DeepCool Castle 360EX ARGB,₹9625
DeepCool Castle 360EX ARGB,₹9625
DeepCool LT240 ARGB 240mm,₹9015
DeepCool LT240 ARGB 240mm,₹9015
DeepCool LT240 ARGB 240mm,₹9015
DeepCool LT240 ARGB 240mm,₹9015
DeepCool LT240 ARGB 240mm,₹9015
DeepCool LT240 ARGB 240mm,₹9015
DeepCool LT240 ARGB 240mm,₹9015
DeepCool LT240 ARGB 240mm,₹9015
DeepCool LT240 ARGB 240mm,₹9015
DeepCool LT240 ARGB 240mm,₹9015
DeepCool LT240 ARGB 240mm,₹9015
DeepCool LT240 ARGB 240mm,₹9015
DeepCool LT240 ARGB 240mm,₹9015
DeepCool LT240 ARGB 240mm,₹9015
MSI MAG CoreLiquid E240 ARGB,₹8585
MSI MAG CoreLiquid E240 ARGB,₹8585
MSI MAG CoreLiquid E240 ARGB,₹8585
MSI MAG CoreLiquid E240 ARGB,₹8585
MSI MAG CoreLiquid E240 ARGB,₹8585
MSI MAG CoreLiquid E240 ARGB,₹8585
MSI MAG CoreLiquid E240 ARGB,₹8585
MSI MAG CoreLiquid E240 ARGB,₹8585
MSI MAG CoreLiquid E240 ARGB,₹8585
be quiet! Dark Rock Pro 4,₹8000
be quiet! Dark Rock Pro 4,₹8000
be quiet! Dark Rock Pro 4,₹8000
be quiet! Dark Rock Pro 4,₹8000
be quiet! Dark Rock Pro 4,₹8000
be quiet! Dark Rock Pro 4,₹8000
be quiet! Dark Rock Pro 4,₹8000
be quiet! Dark Rock Pro 4,₹8000
be quiet! Dark Rock Pro 4,₹8000
be quiet! Dark Rock Pro 4,₹8000
be quiet! Dark Rock Pro 4,₹8000
be quiet! Dark Rock Pro 4,₹8000
Arctic Freezer 4U-M,₹7999
Arctic Freezer 4U-M,₹7999
Arctic Freezer 4U-M,₹7999
Arctic Freezer 4U-M,₹7999
Arctic Freezer 4U-M,₹7999
Arctic Freezer 4U-M,₹7999
Arctic Freezer 4U-M,₹7999
Arctic Freezer 4U-M,₹7999
Arctic Freezer 4U-M,₹7999
Arctic Freezer 4U-M,₹7999
Corsair A115 Twin Tower 140mm,₹7925
Corsair A115 Twin Tower 140mm,₹7925
Corsair A115 Twin Tower 140mm,₹7925
Corsair A115 Twin Tower 140mm,₹7925
Corsair A115 Twin Tower 140mm,₹7925
Corsair A115 Twin Tower 140mm,₹7925
Corsair A115 Twin Tower 140mm,₹7925
DeepCool LS520S Zero Dark 240mm,₹7653
DeepCool LS520S Zero Dark 240mm,₹7653
DeepCool LS520S Zero Dark 240mm,₹7653
DeepCool LS520S Zero Dark 240mm,₹7653
DeepCool LS520S Zero Dark 240mm,₹7653
DeepCool LS520S Zero Dark 240mm,₹7653
DeepCool LS520S Zero Dark 240mm,₹7653
DeepCool LS520S Zero Dark 240mm,₹7653
Noctua NH-D15S Dual Tower,₹7299
Noctua NH-D15S Dual Tower,₹7299
Noctua NH-D15S Dual Tower,₹7299
Noctua NH-D15S Dual Tower,₹7299
Noctua NH-D15S Dual Tower,₹7299
Noctua NH-D15S Dual Tower,₹7299
Noctua NH-D15S Dual Tower,₹7299
Noctua NH-D15S Dual Tower,₹7299
Noctua NH-D15S Dual Tower,₹7299
Noctua NH-D15S Dual Tower,₹7299
SilverStone IceMyst 360 ARGB,₹7118
SilverStone IceMyst 360 ARGB,₹7118
SilverStone IceMyst 360 ARGB,₹7118
SilverStone IceMyst 360 ARGB,₹7118
SilverStone IceMyst 360 ARGB,₹7118
SilverStone IceMyst 360 ARGB,₹7118
SilverStone IceMyst 360 ARGB,₹7118
SilverStone IceMyst 360 ARGB,₹7118
SilverStone IceMyst 360 ARGB,₹7118
ID-Cooling FX360 INF,₹6500
ID-Cooling FX360 INF,₹6500
ID-Cooling FX360 INF,₹6500
ID-Cooling FX360 INF,₹6500
ID-Cooling FX360 INF,₹6500
ID-Cooling FX360 INF,₹6500
ID-Cooling FX360 INF,₹6500
Cooler Master MasterLiquid 240L Core ARGB,₹6495
Cooler Master MasterLiquid 240L Core ARGB,₹6495
Cooler Master MasterLiquid 240L Core ARGB,₹6495
Cooler Master MasterLiquid 240L Core ARGB,₹6495
Cooler Master MasterLiquid 240L Core ARGB,₹6495
Cooler Master MasterLiquid 240L Core ARGB,₹6495
Cooler Master MasterLiquid 240L Core ARGB,₹6495
Cooler Master MasterLiquid 240L Core ARGB,₹6495
Antec Symphony 360 ARGB,₹6305
Antec Symphony 360 ARGB,₹6305
Antec Symphony 360 ARGB,₹6305
Antec Symphony 360 ARGB,₹6305
Antec Symphony 360 ARGB,₹6305
Antec Symphony 360 ARGB,₹6305
Antec Symphony 360 ARGB,₹6305
Antec Symphony 360 ARGB,₹6305
Antec Symphony 360 ARGB,₹6305
Antec Symphony 360 ARGB,₹6305
Antec Symphony 360 ARGB,₹6305
MSI MAG CoreLiquid C360 ARGB,₹6000
MSI MAG CoreLiquid C360 ARGB,₹6000
MSI MAG CoreLiquid C360 ARGB,₹6000
MSI MAG CoreLiquid C360 ARGB,₹6000
MSI MAG CoreLiquid C360 ARGB,₹6000
MSI MAG CoreLiquid C360 ARGB,₹6000
MSI MAG CoreLiquid C360 ARGB,₹6000
MSI MAG CoreLiquid C360 ARGB,₹6000
MSI MAG CoreLiquid C360 ARGB,₹6000
Thermaltake TH240 ARGB 240mm,₹5718
Thermaltake TH240 ARGB 240mm,₹5718
Thermaltake TH240 ARGB 240mm,₹5718
Thermaltake TH240 ARGB 240mm,₹5718
Thermaltake TH240 ARGB 240mm,₹5718
Thermaltake TH240 ARGB 240mm,₹5718
Antec Symphony 240 ARGB,₹5399
Antec Symphony 240 ARGB,₹5399
Antec Symphony 240 ARGB,₹5399
Antec Symphony 240 ARGB,₹5399
Antec Symphony 240 ARGB,₹5399
Antec Symphony 240 ARGB,₹5399
Antec Symphony 240 ARGB,₹5399
Antec Symphony 240 ARGB,₹5399
Antec Symphony 240 ARGB,₹5399
Antec Symphony 240 ARGB,₹5399
Antec Symphony 240 ARGB,₹5399
Antec Symphony 240 ARGB,₹5399
Antec Symphony 240 ARGB,₹5399
Antec Symphony 240 ARGB,₹5399
Antec Symphony 240 ARGB,₹5399
Antec Symphony 240 ARGB,₹5399
NZXT T120 RGB 120mm,₹5099
NZXT T120 RGB 120mm,₹5099
NZXT T120 RGB 120mm,₹5099
NZXT T120 RGB 120mm,₹5099
NZXT T120 RGB 120mm,₹5099
NZXT T120 RGB 120mm,₹5099
NZXT T120 RGB 120mm,₹5099
NZXT T120 RGB 120mm,₹5099
NZXT T120 RGB 120mm,₹5099
NZXT T120 RGB 120mm,₹5099
NZXT T120 RGB 120mm,₹5099
NZXT T120 RGB 120mm,₹5099
DeepCool AK620,₹5000
DeepCool AK620,₹5000
DeepCool AK620,₹5000
DeepCool AK620,₹5000
DeepCool AK620,₹5000
DeepCool AK620,₹5000
DeepCool AK620,₹5000
DeepCool AK620,₹5000
DeepCool AK620,₹5000
DeepCool AK620,₹5000
DeepCool AK620,₹5000
DeepCool AK620,₹5000
DeepCool AK620,₹5000
DeepCool AK620,₹5000
DeepCool AK620,₹5000
DeepCool AK620,₹5000
DeepCool AK620,₹5000
DeepCool AK500,₹4066
DeepCool AK500,₹4066
DeepCool AK500,₹4066
DeepCool AK500,₹4066
DeepCool AK500,₹4066
DeepCool AK500,₹4066
Scythe Mugen 6,₹4000
Scythe Mugen 6,₹4000
Scythe Mugen 6,₹4000
Scythe Mugen 6,₹4000
Scythe Mugen 6,₹4000
Scythe Fuma 3,₹4000
Scythe Fuma 3,₹4000
Scythe Fuma 3,₹4000
Scythe Fuma 3,₹4000
Scythe Fuma 3,₹4000
Scythe Mugen 6,₹4000
Scythe Fuma 3,₹4000
Scythe Mugen 6,₹4000
Scythe Mugen 6,₹4000
Scythe Mugen 6,₹4000
Scythe Mugen 6,₹4000
Scythe Fuma 3,₹4000
Scythe Fuma 3,₹4000
Scythe Fuma 3,₹4000
Scythe Fuma 3,₹4000
Scythe Fuma 3,₹4000
Scythe Fuma 3,₹4000
Scythe Mugen 6,₹4000
Scythe Fuma 3,₹4000
DeepCool AK400 Digital Pro,₹3672
DeepCool AK400 Digital Pro,₹3672
DeepCool AK400 Digital Pro,₹3672
DeepCool AK400 Digital Pro,₹3672
DeepCool AK400 Digital Pro,₹3672
DeepCool AK400 Digital Pro,₹3672
DeepCool AK400 Digital Pro,₹3672
DeepCool AK400 Digital Pro,₹3672
DeepCool AK400 Digital Pro,₹3672
DeepCool AK400 Digital Pro,₹3672
DeepCool AK400 Digital Pro,₹3672
Thermalright Phantom Spirit 120 EVO,₹3500
DeepCool AK400 Zero Dark 120mm,₹3255
DeepCool AK400 Zero Dark 120mm,₹3255
DeepCool AK400 Zero Dark 120mm,₹3255
DeepCool AK400 Zero Dark 120mm,₹3255
DeepCool AK400 Zero Dark 120mm,₹3255
DeepCool AK400 Zero Dark 120mm,₹3255
DeepCool AK400 Zero Dark 120mm,₹3255
DeepCool AK400 Zero Dark 120mm,₹3255
DeepCool AK400 Zero Dark 120mm,₹3255
DeepCool AK400 Zero Dark 120mm,₹3255
DeepCool AK400 Zero Dark 120mm,₹3255
Cooler Master Hyper 212 Black Edition,₹2500
Cooler Master Hyper 212 Black Edition,₹2500
Cooler Master Hyper 212 Black Edition,₹2500
Cooler Master Hyper 212 Black Edition,₹2500
Cooler Master Hyper 212 Black Edition,₹2500
Cooler Master Hyper 212 Black Edition,₹2500
Cooler Master Hyper 212 Black Edition,₹2500
Cooler Master Hyper 212 Black Edition,₹2500
Cooler Master Hyper 212 Black Edition,₹2500
Cooler Master Hyper 212 Black Edition,₹2500
Cooler Master Hyper 212 Spectrum V3 RGB,₹2125
Cooler Master Hyper 212 Spectrum V3 RGB,₹2125
Cooler Master Hyper 212 Spectrum V3 RGB,₹2125
Cooler Master Hyper 212 Spectrum V3 RGB,₹2125
Cooler Master Hyper 212 Spectrum V3 RGB,₹2125
Cooler Master Hyper 212 Spectrum V3 RGB,₹2125
Cooler Master Hyper 212 Spectrum V3 RGB,₹2125
Cooler Master Hyper 212 Spectrum V3 RGB,₹2125
Cooler Master Hyper 212 Spectrum V3 RGB,₹2125
Cooler Master Hyper 212 Spectrum V3 RGB,₹2125
Antec A400 RGB,₹1525
Antec A400 RGB,₹1525
Antec A400 RGB,₹1525
Antec A400 RGB,₹1525
Antec A400 RGB,₹1525
Antec A400 RGB,₹1525
Antec A400 RGB,₹1525
Antec A400 RGB,₹1525
Antec A400 RGB,₹1525
Antec A400 RGB,₹1525
Antec A400 RGB,₹1525
Antec A400 RGB,₹1525
Antec A400 RGB,₹1525
Thermalright Assassin X 120 R SE,₹1500
Thermalright Assassin X 120 R SE,₹1500
Thermalright Assassin X 120 R SE,₹1500
Thermalright Assassin X 120 R SE,₹1500
Thermalright Assassin X 120 R SE,₹1500
Thermalright Assassin X 120 R SE,₹1500
Thermalright Assassin X 120 R SE,₹1500
Thermalright Assassin X 120 R SE,₹1500
Thermalright Assassin X 120 R SE,₹1500
Cooler Master Hyper T20,₹1055
Cooler Master Hyper T20,₹1055
Cooler Master Hyper T20,₹1055
Cooler Master Hyper T20,₹1055
Cooler Master Hyper T20,₹1055
Cooler Master Hyper T20,₹1055
Cooler Master Hyper T20,₹1055
Cooler Master Hyper T20,₹1055
Cooler Master Hyper T20,₹1055
Cooler Master Hyper T20,₹1055
Cooler Master Hyper T20,₹1055
Antec A30 Pro LED Single Tower,₹865
Antec A30 Pro LED Single Tower,₹865
Antec A30 Pro LED Single Tower,₹865
Antec A30 Pro LED Single Tower,₹865
Antec A30 Pro LED Single Tower,₹865
Antec A30 Pro LED Single Tower,₹865
Antec A30 Pro LED Single Tower,₹865
Antec A30 Pro LED Single Tower,₹865
Antec A30 Pro LED Single Tower,₹865
Antec A30 Pro LED Single Tower,₹865
Antec A30 Pro LED Single Tower,₹865
Antec A30 Pro LED Single Tower,₹865
DeepCool Gamma Archer 120mm,₹755
DeepCool Gamma Archer 120mm,₹755
DeepCool Gamma Archer 120mm,₹755
DeepCool Gamma Archer 120mm,₹755
DeepCool Gamma Archer 120mm,₹755
Antec T120 RGB,₹750
Antec T120 RGB,₹750
Antec T120 RGB,₹750
Antec T120 RGB,₹750
Antec T120 RGB,₹750
Antec T120 RGB,₹750
Antec T120 RGB,₹750
Antec T120 RGB,₹750
Antec T120 RGB,₹750
Antec T120 RGB,₹750
Antec T120 RGB,₹750
Gamdias Boreas E1-210 Lite RGB,₹699
Gamdias Boreas E1-210 Lite RGB,₹699
Gamdias Boreas E1-210 Lite RGB,₹699
Gamdias Boreas E1-210 Lite RGB,₹699
Gamdias Boreas E1-210 Lite RGB,₹699
Gamdias Boreas E1-210 Lite RGB,₹699
Gamdias Boreas E1-210 Lite RGB,₹699
Gamdias Boreas E1-210 Lite RGB,₹699
Gamdias Boreas E1-210 Lite RGB,₹699
Gamdias Boreas E1-210 Lite RGB,₹699
Gamdias Boreas E1-210 Lite RGB,₹699
